username,email,name,gender,age,country,postcode
hlester,dvazquez@example.net,Katherine Reed,Masculino,58,Serbia,51235
amata,davidcarlos@example.com,Madison Garcia,Masculino,70,Aruba,23135
julianedwards,lindamay@example.org,Steven Gonzales PhD,No binario,68,Jamaica,12950
michael43,osbornejoseph@example.net,Cameron Little,Masculino,52,Cuba,47637
thompsonvalerie,jeffrey29@example.org,Mrs. Sara Chambers,No binario,36,Chile,78964
millerstephen,mary97@example.net,Ryan Mccarthy,Masculino,51,Holy See (Vatican City State),38289
monicaperez,walshleonard@example.net,Patricia Mullins,Femenino,72,Montenegro,19901
simpsonchelsea,jflores@example.org,Mr. Craig Martin,Masculino,71,Jordan,81548
christina83,conniemorris@example.org,Richard Woodard,Femenino,23,South Georgia and the South Sandwich Islands,68708
william73,xrobinson@example.org,Deanna Daniels,Femenino,21,Montserrat,33770
hmejia,richard72@example.net,Sarah Combs,Femenino,77,Finland,75266
phenry,christinekirby@example.net,Ashley Gibson,Masculino,43,Hong Kong,51981
norrisrobert,mary72@example.com,Mark Palmer,No binario,79,Greece,04110
ramoselizabeth,dianagomez@example.org,Marissa Houston,Femenino,38,Slovenia,24332
gina49,dcolon@example.net,Derek Johnson,Femenino,28,Hungary,03077
ymyers,penajane@example.com,Timothy Anderson,No binario,25,Japan,08246
pamelaperry,moorekaren@example.com,Deborah Baker,No binario,54,Saint Martin,66559
georgewilliams,shellydunn@example.net,Angel Moon,Femenino,68,Hong Kong,22063
clarkeamanda,allison52@example.net,Margaret Gibson,Masculino,67,Mongolia,29291
dmclaughlin,jacksonandrea@example.net,Kerry Long,No binario,48,Burkina Faso,30720
robert14,foxjennifer@example.net,Darin Wood,Masculino,78,Mauritius,77393
griffindaniel,austin57@example.net,Laura Williams,Masculino,22,Norway,91519
hilldaniel,keithandrea@example.com,Natalie Rios,Masculino,19,Saudi Arabia,61254
kvelez,gina07@example.org,Michael Maxwell,Masculino,61,Anguilla,32409
richardhoffman,foleyamanda@example.org,Matthew Nichols,Masculino,44,Philippines,71229
dbrennan,mshepard@example.org,Vanessa Flores,No binario,75,Algeria,38227
joshuakennedy,angela81@example.org,Brittany Townsend,Masculino,56,Netherlands Antilles,43230
dmaynard,wesley44@example.org,Erika Nichols,No binario,78,Cocos (Keeling) Islands,39670
evelyn62,nancywright@example.net,Anthony Whitaker DDS,No binario,27,Moldova,94674
sandraeverett,malonejonathan@example.com,Gwendolyn Davis,Masculino,33,Brazil,78197
ylewis,aliciacervantes@example.org,Robert Allen,Femenino,35,Gibraltar,83073
eric67,nicholasrocha@example.net,Marcus Scott,Femenino,67,Croatia,01644
rmills,orrkelly@example.org,Christopher Jacobs,Masculino,68,Portugal,18113
fieldsbrooke,beltranmichelle@example.org,Leslie Shea,Masculino,49,Andorra,30907
jarednichols,qmyers@example.com,Jeremy Reynolds,Femenino,66,Senegal,35536
dakotaporter,michaelmartin@example.com,John Morrow,Femenino,27,Sao Tome and Principe,80287
otaylor,lisa70@example.org,John Coleman,No binario,62,Peru,21640
brianna05,fischercharles@example.org,Tammy Miller,Femenino,32,Cayman Islands,22369
lanepaula,cookandrew@example.org,Lauren Cole,Masculino,36,Madagascar,01931
jacob06,ortegasarah@example.org,Mark Garcia,Masculino,74,Guam,07564
donald61,fergusonjoshua@example.net,Brenda Ramos,Femenino,47,Venezuela,75423
julia27,suttondesiree@example.org,Brian Rosales,Femenino,61,Pakistan,90117
ehernandez,sean18@example.com,Patricia Morris,No binario,43,Saint Kitts and Nevis,50097
debra70,ewoods@example.org,Miss Theresa Howell,Femenino,74,Belarus,07183
ocoleman,wlang@example.com,David Nunez,Femenino,72,Angola,54097
peckpamela,ustevens@example.org,Kristina Carroll,No binario,35,Cambodia,66104
richard78,twalker@example.org,Julie Allison,Femenino,56,Tokelau,66711
khawkins,michael34@example.com,Kathleen Allen,No binario,65,Gambia,50076
thomas42,crandall@example.net,Brenda Rush,No binario,39,Australia,83892
gpatterson,dmurphy@example.org,Alexander Roth,Femenino,53,Russian Federation,11663
floresann,dturner@example.com,Bonnie Hudson,No binario,73,Malaysia,83463
daniel92,reginastanley@example.org,Kim Garcia,Femenino,41,Iraq,98362
andersontimothy,millerrachel@example.com,Greg Myers,Masculino,23,Lithuania,91370
bowmanmorgan,michelle83@example.net,Kelly Wright,Femenino,67,Fiji,71519
fosternancy,ramirezsteven@example.com,Thomas Dixon,Masculino,39,Western Sahara,90986
rebeccaturner,david21@example.org,Jessica Young,Femenino,24,Netherlands Antilles,09232
lschmidt,tking@example.org,Kimberly Jones,Masculino,30,North Macedonia,70673
mercedesrobinson,benjamin66@example.net,Albert Gonzalez,No binario,68,Seychelles,81357
miguel47,kpadilla@example.com,James Barnes,Femenino,25,Yemen,58662
mckayscott,tguerrero@example.com,Philip Tapia,Masculino,69,Gambia,26332
tiffany21,ubest@example.net,Carl Martinez,Femenino,53,Sweden,13419
aherrera,msmith@example.com,Billy Allison,No binario,71,Marshall Islands,70953
kristinawatkins,justinwagner@example.net,George Hodge,No binario,20,Togo,60100
amy81,don33@example.net,Jasmine Murphy,Femenino,46,United Arab Emirates,44455
lawrencegutierrez,ericksonkatherine@example.net,Joel Oconnor,No binario,33,Armenia,81880
jeffrey92,dan98@example.org,Bonnie Hodge,Femenino,68,Guyana,19227
karenwhite,bryan15@example.com,Dr. Jacqueline Jones MD,Masculino,48,Mozambique,10477
jose86,susandean@example.com,Andrew Saunders,Femenino,33,United States Minor Outlying Islands,97171
xjackson,morganfreeman@example.org,Christopher Ramirez,Femenino,46,Kiribati,83173
amanda74,shellyhall@example.com,Brandon Boyer,No binario,35,Qatar,35629
iclayton,julie43@example.net,Joseph Miller Jr.,Masculino,26,Bolivia,74671
john43,john70@example.net,Melissa Garcia,Femenino,41,Bangladesh,53404
savannah05,osanchez@example.com,Mandy Washington,Masculino,67,Moldova,79528
aprice,shawn69@example.com,Christine Johnson,Femenino,34,Morocco,41004
barronamanda,morenoangela@example.net,Matthew Grant,No binario,60,Saudi Arabia,11215
ronald17,francischarles@example.com,Rhonda Johnson,No binario,59,Burundi,69653
pflynn,reeveshector@example.org,Brittney Johnston,Femenino,44,Kenya,15871
brandondavis,cathyjones@example.org,Jerome Brown,Femenino,24,Guam,25627
zchaney,margaret85@example.org,Alexander Beasley,Masculino,25,Grenada,08438
radams,kellyblair@example.com,Steven Bowers,Masculino,49,Paraguay,69175
lindseytheresa,williamslaura@example.com,Richard Walker,Masculino,28,Netherlands,65101
marywilson,hillann@example.org,Justin Michael,Masculino,18,Peru,87799
graychristopher,melissajohnston@example.net,Robert Sloan,Femenino,51,Mozambique,07529
william50,hernandezthomas@example.org,Paula Park,No binario,21,American Samoa,87758
lynchadam,jon05@example.com,Sherry Lopez,Femenino,54,Korea,35424
drogers,ppoole@example.org,Mary King,No binario,38,Greece,51314
timothy42,chad22@example.org,Jessica Mann,Femenino,73,Germany,03558
calvarado,nchavez@example.com,Charles Ramos,Femenino,29,Anguilla,32738
ebrooks,deborah86@example.org,Jay Holmes,Masculino,25,Rwanda,37135
gerald53,wburns@example.org,Sara Lewis,No binario,50,Honduras,78516
rhonda17,salasjoshua@example.com,Derek Hansen,No binario,55,Cayman Islands,63608
millerteresa,williamsdavid@example.org,Emily Young DVM,No binario,54,Antarctica (the territory South of 60 deg S),54540
richardrose,samuelgross@example.org,Tara Butler,Masculino,78,Bermuda,05305
adamwilson,edward18@example.com,Michael Sims,Femenino,65,Saint Kitts and Nevis,43371
kimberly52,richard13@example.org,Matthew Young,Masculino,21,Burkina Faso,50218
jeremy35,guzmanbrandon@example.com,Joyce Holt,No binario,50,Latvia,79998
katelyn22,ypowell@example.org,Hannah Rios,Femenino,49,Bangladesh,99765
miguel70,keith65@example.com,Dillon Walker,Masculino,43,Netherlands,38200
rwade,carrollalexander@example.org,Larry Ferguson,No binario,24,Jordan,34379
millermichael,twilson@example.com,Christopher Dunn,No binario,74,Azerbaijan,59870
nancy96,dawn98@example.net,Ann Silva,Masculino,33,Finland,45377
matthew97,angela91@example.org,Rebekah Day,Femenino,49,Switzerland,64648
allisonpierce,andrea93@example.org,Savannah Gaines,No binario,24,Algeria,29858
tarajoseph,daviswilliam@example.net,Adrian Tucker,Femenino,37,Mali,86346
xgolden,ashley58@example.net,Madison Gates,Masculino,65,Timor-Leste,86556
douglas51,monicasnyder@example.net,Donald Flores,Masculino,64,India,91049
rodriguezjessica,ethompson@example.org,Teresa Dunn,No binario,77,Wallis and Futuna,96229
tkline,larry43@example.com,Zachary Edwards,No binario,36,Angola,39024
carlamcclure,lori67@example.org,Kevin Ramirez,Femenino,27,Israel,40089
christinehall,stephanie46@example.net,Shannon Brown,No binario,37,Croatia,53211
isabelclark,moorestephanie@example.net,David Jackson,Femenino,27,Zimbabwe,86929
williamlynch,lisascott@example.org,Benjamin Herrera,Femenino,72,Sweden,65973
wellsmelissa,sara16@example.org,Nathan Fitzgerald,Masculino,53,Armenia,41386
hlyons,claire19@example.com,Amanda Flores,Masculino,21,Cameroon,99920
karensmall,dianenichols@example.com,Alicia Jones,No binario,33,Bangladesh,36784
esteele,dawn57@example.com,Victor Carlson,Femenino,33,Netherlands Antilles,74470
andersontrevor,awhite@example.org,Diana Smith,Femenino,66,French Polynesia,34918
ymclaughlin,michael54@example.net,Matthew Lee,Femenino,49,Tokelau,15958
jeffreytaylor,ghutchinson@example.net,Kim Vargas,No binario,35,Antigua and Barbuda,76702
ashleygutierrez,joshuaflores@example.net,Derrick Lang,Femenino,55,Niue,34088
bmclean,ostone@example.net,Micheal Mcintosh,No binario,21,Cameroon,41819
careypaul,dclark@example.net,Michelle Cox,No binario,61,Martinique,49694
moorejames,wongalex@example.com,Patrick Harris,No binario,36,Hong Kong,84393
breannabond,ruthherrera@example.net,Sharon Williams,Femenino,39,Moldova,76877
donald84,bishopdennis@example.com,James Hall,No binario,27,Faroe Islands,98710
cynthiaschroeder,fgarrett@example.com,Terri Garcia,No binario,67,Cambodia,49810
mmoore,sabrina20@example.com,Christina Fisher,Masculino,49,Venezuela,12076
orrhannah,james89@example.com,Mr. Matthew Perez MD,No binario,71,Chad,73181
brittany42,sanchezjohn@example.net,Cassidy Reyes,No binario,25,Ghana,73242
justin16,julie42@example.net,Miranda Page,Femenino,79,San Marino,02155
sandra60,palmersara@example.com,William Washington,Masculino,76,Ghana,98004
daleallen,humphreyantonio@example.org,Cheryl Bolton,Masculino,37,Ethiopia,81864
dereknelson,obanks@example.com,Sharon Hodges,No binario,78,Canada,97586
andersonleon,erin62@example.com,Dana Moreno,No binario,55,Western Sahara,34244
mary47,tmendoza@example.com,William Cardenas,Femenino,21,Western Sahara,12116
kingdillon,adamroberts@example.org,Tommy Robinson,No binario,56,Congo,76299
dylanalvarez,simmonsbenjamin@example.net,Matthew King,Masculino,59,Thailand,25282
chase71,pgraves@example.com,Collin Wallace,Masculino,71,Germany,23680
dustinrodriguez,mckenzieshannon@example.net,Dorothy Garrett,Masculino,29,Afghanistan,53249
michael29,hunttimothy@example.net,Norma Hansen,Masculino,55,British Indian Ocean Territory (Chagos Archipelago),30877
johnsandoval,catherinejohnson@example.net,Patty White,No binario,56,Cote d'Ivoire,76692
probles,melaniethompson@example.net,Tracy Thompson,Masculino,45,Maldives,23342
cmoody,brad97@example.net,Tammy Young,Femenino,72,Honduras,63254
yball,johnbentley@example.net,Michael Pham,No binario,76,Anguilla,11126
twoods,benjamin86@example.net,Amy Davis,No binario,50,Saint Kitts and Nevis,76225
elizabeth79,lindagolden@example.com,Blake Morales,No binario,67,Switzerland,20878
leemichael,corydunn@example.com,Martin Mitchell,Femenino,76,Tajikistan,19891
zarmstrong,zjones@example.org,Susan Dunlap,Femenino,54,Czech Republic,04822
david50,pgonzalez@example.com,Mr. Caleb Salazar,Femenino,52,Papua New Guinea,66485
vincentthomas,abarber@example.com,Carol Thompson,No binario,55,Mozambique,67648
stephanie06,brenda08@example.com,Micheal Johnson,No binario,52,Belize,96076
garzasean,stanley70@example.com,Crystal Salas,Masculino,30,Bouvet Island (Bouvetoya),78179
lgibson,clopez@example.org,Elizabeth Hunt,No binario,38,China,44093
valdezjaime,chadshelton@example.net,Mr. Michael Byrd,Femenino,57,Ecuador,52116
villanuevamichael,russellscott@example.com,Ian Long,Femenino,57,Antigua and Barbuda,70057
dylan28,vsingh@example.com,Jerry Le,No binario,61,Guinea-Bissau,12435
steve69,lsolis@example.net,David Jimenez,Masculino,57,Indonesia,41987
feliciadavis,diana56@example.net,Kathy Henderson,Femenino,28,China,27975
moorejames,susan48@example.com,Dr. Amanda Page DDS,Masculino,33,Somalia,75826
katherine42,naustin@example.org,Gina Sanchez,No binario,64,Paraguay,08679
tina18,courtney49@example.com,Sandra Myers,No binario,64,Cuba,83798
paul02,sandrawright@example.com,Dustin Robinson,No binario,49,Denmark,29906
nataliecrawford,dillonshepard@example.org,Nicholas Watson,Femenino,54,Nigeria,12308
erin32,dchavez@example.org,Steven Miranda,No binario,43,Macao,70113
olivertiffany,hallchristina@example.com,Lance Lang,No binario,67,Cape Verde,23741
haydenjones,phernandez@example.com,Brian Mitchell,No binario,31,Jordan,81809
sheilareynolds,jacksonrobert@example.net,Bill Mcdonald,Femenino,44,Iraq,10375
monica85,heather67@example.net,Louis Marks,Femenino,37,Trinidad and Tobago,81814
reeserebecca,jbrown@example.com,Jason Johns DDS,Femenino,21,Tajikistan,94136
tanyawhite,othompson@example.com,Leslie Wood,Femenino,49,Bermuda,70009
desiree59,jessicamurphy@example.com,Nicole Avila,No binario,47,Lao People's Democratic Republic,43356
padillajennifer,zlamb@example.org,Audrey Robinson,Masculino,63,Syrian Arab Republic,67581
inorton,christopherweber@example.com,Robert Diaz,Masculino,53,Iraq,02481
smithdenise,vellis@example.org,Bruce Barnes,Femenino,42,Lebanon,86156
jonessamantha,pam76@example.org,Caitlin Bates,Femenino,35,Iran,64303
stevenwhite,vthomas@example.org,Dr. Nicholas Rodriguez,Femenino,80,Jamaica,53469
bryan80,fanderson@example.org,Gregory Ramirez,Masculino,70,Tuvalu,32722
millerstephanie,paul77@example.com,Brenda Martin,Masculino,39,Denmark,54335
drios,williamsgary@example.net,Erica Mann,Masculino,58,Wallis and Futuna,85040
imills,melissaperez@example.com,Scott Taylor,Femenino,40,Sweden,05500
johnnycrawford,nsteele@example.net,Miss Rhonda Gray,Masculino,31,Croatia,45578
jennifer65,collinsmaria@example.com,Jerome Clark,No binario,35,Bahrain,37809
johnneal,todd49@example.com,Donald Palmer,No binario,32,Turkmenistan,82536
tara60,hannahclark@example.org,Danny Brown,Masculino,32,Croatia,33142
emmawalker,jillcastillo@example.org,Lisa Bailey,No binario,20,Vietnam,58466
luisthompson,cathyhull@example.net,Tammy Gibson,No binario,24,Wallis and Futuna,51386
underwoodpatricia,randyharrington@example.org,Duane Hubbard,Femenino,29,Niue,62694
jrogers,donnaallen@example.net,Joshua Grant,No binario,46,Uganda,18674
swolf,moralesbrandon@example.org,Daniel Clayton,Masculino,32,Cocos (Keeling) Islands,56667
nicholas74,tommykennedy@example.com,Ms. Laura Williams,No binario,73,United Kingdom,53619
robertwilliamson,howardsandra@example.org,Kaitlyn Holloway,Femenino,39,Saint Martin,08941
anthonyruiz,jamescabrera@example.org,Steven Vazquez,Masculino,71,Russian Federation,50772
shawn51,dawn80@example.org,Ashley Schaefer,No binario,57,Equatorial Guinea,08045
ivan49,melissa38@example.net,Stephen Meza,Femenino,68,Barbados,71861
kwilson,jgoodwin@example.com,Felicia Clark,No binario,54,Montenegro,43093
barrettthomas,htapia@example.org,Jeremy Harvey,Femenino,36,Faroe Islands,74504
michaelwallace,reneedickerson@example.org,Mark Schmidt IV,Femenino,77,Greece,48064
qbrady,mary94@example.net,Jason Mcclain,Masculino,36,Switzerland,57954
kevinfarley,adamsstephanie@example.net,Julie Hutchinson,Femenino,20,Luxembourg,79572
allenallison,brandon21@example.com,Susan Kelly,Femenino,76,Guam,10105
figueroalogan,reidanthony@example.net,Wesley Martin,Masculino,74,Palau,44834
matthew07,claytontracy@example.net,Michael Riley,Femenino,32,Antarctica (the territory South of 60 deg S),65530
huynhwilliam,mitchellhatfield@example.com,Martin Clark,No binario,74,Kyrgyz Republic,06008
wilsonkimberly,sarah42@example.net,Mark Franco,No binario,66,Wallis and Futuna,40624
markscott,wking@example.com,Chloe Knapp,No binario,49,South Georgia and the South Sandwich Islands,85538
henry74,samanthawalker@example.net,Brandon Martin,No binario,51,Italy,35519
ebooker,nolanmark@example.org,Joshua Riddle,Masculino,76,Bhutan,54582
joannastark,tray@example.net,Kimberly Fernandez,No binario,73,Sweden,40318
autumnlawson,ehamilton@example.net,Victoria May,Femenino,64,Indonesia,65066
matthewwhite,logan28@example.com,Randall Fox,Femenino,51,Guatemala,57157
stephen12,douglas09@example.net,Melissa Flores,Femenino,69,Guatemala,31993
james63,zwarren@example.com,Alexander Evans,Femenino,72,Jamaica,69670
ojensen,ajohnson@example.org,Timothy Smith,No binario,59,Austria,70668
owenssandra,james43@example.net,Zachary Graham,Femenino,28,Honduras,21634
huffpaul,rhodesjames@example.net,Melinda Chapman,No binario,61,Sri Lanka,83028
christopher58,iolsen@example.org,Joseph Ramos,Masculino,75,Cape Verde,04794
thompsonjason,stonejeffrey@example.com,Mary Long,Femenino,21,Micronesia,65805
kristiwilliams,smithdarlene@example.org,Spencer Wu,Masculino,72,Moldova,91329
kayla98,sarah96@example.org,Eric Forbes,Masculino,31,Martinique,66271
hreyes,brandy04@example.org,Heather Rodriguez,No binario,34,South Africa,95771
manningjulia,timothydavis@example.org,Amy Walsh,No binario,33,Macao,53763
brandon32,lisa70@example.net,Ronald Adams,Masculino,52,Algeria,96326
jacobfuller,erinrussell@example.org,John Williams,Masculino,38,Cyprus,61916
adam37,joshuarichmond@example.com,Pamela Brown,Femenino,71,Bulgaria,14274
dianelamb,caleb38@example.com,Amber White,Masculino,79,Vanuatu,13865
christopher34,fosterjohn@example.com,Yvonne Bullock,No binario,69,Christmas Island,88338
hhobbs,ahansen@example.net,Stacie Lawrence,No binario,32,Sri Lanka,12094
susanhall,andersonjulie@example.net,Daniel Mcfarland,Masculino,37,Norway,20301
sharpmichael,bellmackenzie@example.org,Olivia Baker,No binario,59,Georgia,80291
simspenny,serranoanthony@example.org,Stephanie Turner,Femenino,70,Ethiopia,50686
shawnclayton,derek54@example.org,Nicholas Mitchell,Masculino,46,Burkina Faso,52344
stephaniejones,wallsvictoria@example.org,Tiffany Sanders,Femenino,77,Japan,69296
howardsherry,amyjones@example.org,Kathryn Stokes,No binario,73,San Marino,43962
weberkevin,taylorbarbara@example.net,Randall Johnson,Masculino,42,Saint Martin,20003
melissasmith,laura95@example.com,Kathryn Clay,Masculino,70,Zambia,71559
kathryn42,herreraernest@example.org,Keith Torres,No binario,73,French Polynesia,27801
piercemark,samuelmartin@example.net,Teresa Vargas,No binario,27,Namibia,04082
katelynthompson,kelleybrenda@example.com,Miss Melissa Lane,No binario,68,Vietnam,03110
christina38,mbooth@example.org,Maria Baker,Femenino,34,Guadeloupe,25160
jenniferrojas,annwhite@example.com,Donald Martinez,Femenino,58,United States of America,41501
alyssaprice,lopezshane@example.net,Pamela Summers,No binario,37,Saudi Arabia,42471
aclark,jose39@example.org,Stephanie Lowe,Masculino,59,Papua New Guinea,34551
tamisullivan,briggsstephen@example.org,Angela Moore,No binario,18,Cape Verde,57789
matthewsmith,nancy34@example.net,Daniel Wong,Femenino,42,Sri Lanka,34342
christopherjohnson,westtoni@example.net,Kayla Leonard,Masculino,54,Malta,35922
jrodriguez,smithshannon@example.org,Kevin Bryant,Femenino,68,Georgia,06231
rivastina,clarkalexis@example.com,Sarah Harmon,Femenino,28,Palestinian Territory,28992
christophermorales,heather89@example.com,Heather Goodman,No binario,36,Netherlands Antilles,13438
twhite,franklinpatricia@example.com,Andrea Padilla,Masculino,22,Namibia,48853
whiteronald,velezsydney@example.org,Mrs. Monica Mata,Femenino,19,Latvia,43131
randall89,brianhoffman@example.com,George Sanders,No binario,30,Russian Federation,71524
kellicruz,katelynsmith@example.com,Anthony Walker,Femenino,67,Western Sahara,62816
uperry,cynthiastephens@example.org,Tracy Gallagher,Masculino,20,Saint Barthelemy,63895
fpark,richard35@example.com,Christopher Hall,Masculino,51,Samoa,97788
stokesmary,dwayne79@example.com,Joseph Jackson,No binario,49,Oman,48211
kelseywilson,barryjason@example.com,Karen Avila,Femenino,58,Northern Mariana Islands,11665
jenniferburton,jenkinsamy@example.com,Angela Ward,Masculino,80,Bhutan,18835
zgonzalez,torreschristopher@example.com,James Clark,Femenino,38,South Georgia and the South Sandwich Islands,19560
sweeneykeith,dhamilton@example.com,Jeremy Horn,Masculino,43,Ukraine,60021
moorebrett,grimesronald@example.net,Daniel Shields,Femenino,77,Serbia,75266
bsanchez,hjohnson@example.net,Michele Martin,Femenino,36,Iraq,99759
fisherchristina,santiagoadam@example.org,Nathaniel Garcia,Masculino,68,Reunion,44121
melodytaylor,gabrielhill@example.org,Dr. Veronica Lang,Femenino,24,Sweden,93960
ritaeverett,lutzmichael@example.net,Mark Rodriguez,Femenino,74,Nigeria,14123
annerosales,lewisshelly@example.org,Victoria White,No binario,45,Cote d'Ivoire,02345
khughes,tstone@example.com,Hayley Owens,No binario,43,Faroe Islands,04844
cuevascaitlyn,nmatthews@example.com,Tracy Pennington DDS,Masculino,25,Lithuania,31100
murphyangela,martinezjohn@example.com,Bradley Garrison,Masculino,69,Monaco,81103
ortegaclayton,timothy69@example.org,Kelly Riley,No binario,23,Christmas Island,78532
cortezjill,apalmer@example.net,David Lynch,Masculino,44,Indonesia,23336
ballphillip,jennifer70@example.com,Phillip Shields,Masculino,42,Falkland Islands (Malvinas),55052
abigailwatson,hannahbrown@example.com,Lisa Delacruz,No binario,73,Yemen,40612
rayjoseph,teresa81@example.net,Thomas Delacruz,Femenino,27,Togo,64550
awilson,walkermike@example.org,John Thomas,Masculino,39,Bolivia,15214
pleon,nelsonmadison@example.org,Kristen Strong,Masculino,21,Mozambique,87990
xcortez,osbornewilliam@example.com,Jenny Reed,Femenino,20,Cayman Islands,38619
watsontodd,egibson@example.org,Wendy Whitaker,Masculino,52,Bermuda,72414
rrandolph,grantgarcia@example.com,Jason Boyd,Femenino,60,Japan,31810
gvance,aball@example.org,Stacey Arnold,Femenino,60,Jersey,02453
bpeterson,cliffordcarlson@example.com,William Lee,No binario,79,Monaco,03567
sharoncurtis,williamjones@example.net,Michael Ramos,No binario,57,El Salvador,94502
shermanedwin,scottlisa@example.net,Patricia Willis MD,No binario,43,Palau,99674
gabriel02,karen64@example.net,Michael Dawson,Masculino,20,Tonga,53040
wilkinstracy,mary03@example.net,Brianna Rogers,Femenino,62,Guatemala,91170
smithmichelle,jennifertaylor@example.com,Kyle Smith,Masculino,29,Fiji,91319
ntaylor,emily28@example.org,Sara Neal,No binario,65,Guadeloupe,69886
sherririchardson,dominguezmatthew@example.com,Paula Simon,Masculino,23,Liberia,73762
vlynch,destinylopez@example.org,Melissa Bright,Femenino,47,French Guiana,95774
schultzsusan,wrodriguez@example.org,Cynthia Vazquez,Femenino,57,Cambodia,82924
wpalmer,brendan06@example.org,Benjamin Smith,Masculino,36,Sierra Leone,04750
brianhammond,eholt@example.net,Misty Werner,No binario,56,Greece,38666
cookjoseph,michelereyes@example.net,William Washington,Femenino,30,Algeria,46855
garciatimothy,gregghiggins@example.org,Jeffrey Howell,No binario,56,Paraguay,06870
jonesisaiah,spowers@example.com,Jennifer Marks,Femenino,52,Iceland,34125
nhale,jefferythompson@example.org,Craig Richard,Femenino,24,Grenada,67649
brian18,theresa23@example.com,Howard Valdez,No binario,34,Mauritania,51706
lawrenceaaron,rmurphy@example.net,Anna Robles,No binario,54,Marshall Islands,71949
owong,brittany78@example.com,Stephanie Pierce,No binario,27,Lao People's Democratic Republic,60975
harrisdaniel,fperez@example.net,Amanda Ford,Femenino,46,Seychelles,29544
robertmiller,timothyfisher@example.com,Elizabeth Thomas,No binario,23,Suriname,63684
gsandoval,mariabrown@example.org,Jacqueline Davies,Masculino,24,Moldova,01999
tabithapeterson,karenbass@example.com,Dale Payne,No binario,22,Netherlands Antilles,99736
vsullivan,keith24@example.net,Kim Moore,Femenino,62,Bolivia,10038
williamsernest,kennedylaura@example.net,Sabrina Bartlett,Masculino,32,New Zealand,68629
moraamy,matthew42@example.com,Dawn Gonzalez,No binario,23,Saint Vincent and the Grenadines,89897
ywhite,zray@example.com,Samantha Ritter,No binario,56,Palestinian Territory,89313
moralesmichael,whill@example.org,Michelle Branch MD,Masculino,33,Timor-Leste,73907
leslie26,jvalenzuela@example.net,Laura Jordan,Femenino,46,Faroe Islands,08246
brianmcclure,gregory41@example.org,Deborah Chen,Femenino,25,Cook Islands,35938
janetfuller,bolson@example.org,Charles Wyatt,No binario,28,Argentina,56700
bgraham,millermichael@example.com,Jonathon Perry,Masculino,29,Kyrgyz Republic,17469
danielnunez,martindavid@example.org,Carl French,Femenino,31,Macao,22354
murraysheila,nicole02@example.net,Tiffany Alvarez,Masculino,47,Netherlands,49847
gregory72,paul09@example.com,Christopher Porter,Masculino,79,Austria,13817
phillip48,mcunningham@example.net,Peter Smith,No binario,25,Costa Rica,58372
gonzalezstephanie,rachelmcdonald@example.com,Michael Bennett,Femenino,71,Colombia,02872
melliott,leebradley@example.org,Sharon Copeland,Femenino,59,Lao People's Democratic Republic,85493
beanjames,jonathan39@example.com,Michael Allen,Femenino,65,Mali,53633
gutierrezalexa,alewis@example.net,Michelle Williams,Femenino,67,Central African Republic,89391
hannah14,dpope@example.com,Jonathan Jimenez,No binario,38,British Virgin Islands,46849
jordan00,guerrerobrian@example.org,John Snyder,No binario,46,Lesotho,90480
wardjimmy,christineosborne@example.com,Sean Larson,Masculino,74,Tonga,09607
moorelaura,vmyers@example.org,Mrs. Jennifer Vance,Femenino,45,Tanzania,19458
kevin98,newmanchristian@example.org,Robert White,Masculino,71,Namibia,60466
ashaw,bandrade@example.net,Stephanie Miller,No binario,45,Martinique,41897
hharris,pkaiser@example.net,Blake Johnson,Masculino,79,Slovenia,38820
bboyd,lauren11@example.net,Ricardo Fisher,Masculino,40,Tonga,94113
vdixon,jacob93@example.com,Tina Simpson,Femenino,22,Italy,10385
guzmankelsey,william48@example.org,Roger Thomas,No binario,36,Singapore,77869
leslie05,ramoskaren@example.net,Bridget Lewis,Masculino,39,Argentina,57992
juliaschneider,ashley83@example.com,Krystal Sanders,Masculino,37,Svalbard & Jan Mayen Islands,60312
medinaeric,laurawilliams@example.com,Connie Reyes,No binario,77,Chad,04174
mooreamanda,lindaoliver@example.org,Brandi Ramirez,No binario,46,Kazakhstan,69334
sullivanmelissa,mary12@example.org,Robert Love,Femenino,19,Switzerland,83919
westbrooke,gbentley@example.org,Justin Banks,No binario,30,Indonesia,26647
doris12,wrightdavid@example.net,Shannon Riggs,Femenino,73,China,85300
erikajohnson,bernarderic@example.net,Julia Thomas,Masculino,60,Finland,95909
andrea02,elizabethspencer@example.com,Vanessa Williamson,Masculino,24,United States of America,40451
roberto15,gcurtis@example.com,Danielle Morris,Femenino,56,Korea,18783
barrettlisa,tapiateresa@example.net,Michael Stewart,Femenino,67,Martinique,13073
kennedyjennifer,bradysharon@example.org,Sharon Brown,Masculino,22,Djibouti,49392
laurenlopez,ichapman@example.com,Kathy Johnston,Femenino,40,Benin,17530
rebeccavalencia,higginskelly@example.net,Bradley Bradley,Femenino,30,Japan,13299
castillorachel,hollyrodriguez@example.net,Jeremiah Stevenson,No binario,53,Liechtenstein,81332
whendricks,michael65@example.net,Donna Evans,No binario,44,Jordan,28182
jim76,abigail40@example.com,Linda Villarreal,Masculino,36,Saudi Arabia,70683
nguyenjohn,wilsonrichard@example.org,Andrea Russell,No binario,19,Montserrat,51878
huffmanmark,isabel63@example.org,Brittany Houston,No binario,28,Senegal,47827
christineboyd,tony63@example.com,Stephanie Haynes,Femenino,18,Greece,83469
dmorgan,rebecca92@example.org,Ricky Hernandez,Femenino,18,Grenada,64193
hcarr,rcohen@example.com,Michael Graham,No binario,62,Chad,43673
dpotter,rebecca20@example.net,Lisa Harrison,Femenino,68,Jersey,25777
debraglover,uroach@example.net,Francisco Carter,Femenino,36,Australia,18001
jamielozano,ramirezconnie@example.com,Steven Brown,Femenino,29,Mexico,77577
yolandakaufman,dbecker@example.com,Bradley Decker,Femenino,54,Cocos (Keeling) Islands,57029
greenedavid,brianbrown@example.com,David Nash,No binario,53,Malta,29668
taylor90,johnsonchristopher@example.net,Mark Lopez,Masculino,70,Greenland,28068
matthewtucker,lisale@example.net,David Johnson,Masculino,20,Korea,50927
cory16,nguyenethan@example.net,Pamela Torres,No binario,45,Martinique,02084
philipholt,austinellison@example.com,Christopher Booker,No binario,51,Myanmar,79482
steventaylor,mark70@example.net,Jessica Nelson,No binario,52,Angola,38829
amydean,brian73@example.net,Steven Schneider,Masculino,26,Netherlands,87219
aphillips,pgriffin@example.com,James Hamilton,Femenino,74,Guam,23162
graynatalie,tracymiller@example.net,Kimberly Davis,Femenino,58,Japan,37234
pittsmegan,spoole@example.com,Patrick Kim,No binario,76,Romania,59163
csmith,simpsondouglas@example.com,Cheryl Thomas,No binario,79,Bhutan,07754
ymckenzie,krystal64@example.net,Jacob Soto,Femenino,31,American Samoa,24297
theresa50,xsanders@example.net,Amanda Powell,No binario,30,Antarctica (the territory South of 60 deg S),90970
ydixon,williamselizabeth@example.com,Daniel Powers,Masculino,38,San Marino,96320
tarahanson,michaelbridges@example.org,Richard Williams,Femenino,35,Liechtenstein,56904
brenda04,amoore@example.org,Ronald Lloyd,No binario,28,Vietnam,48089
kevin16,lancehill@example.org,Sean Williams,Masculino,30,Saint Helena,09718
pettytiffany,garciaamy@example.net,Frank Russell Jr.,Masculino,20,Vietnam,02102
allenjoshua,cameronandersen@example.net,Phyllis Hebert,No binario,43,Panama,94381
brenda46,alexandrawade@example.com,Charles Brewer,Femenino,52,Cameroon,17880
zruiz,srobinson@example.org,Nicole Hall,Femenino,64,Hungary,38849
bairdkristen,victorianunez@example.org,Lauren Lopez,Femenino,44,Ghana,43361
estone,icabrera@example.net,Paul Garrett,No binario,46,Hong Kong,85101
qchambers,charlotte65@example.net,John Foster,Masculino,63,Germany,77601
qhaynes,yangcarrie@example.com,Stephen White,Femenino,21,Tonga,27305
udunn,yfrancis@example.com,Eric Simon,Masculino,58,Mayotte,99101
bryantdaniel,debragreene@example.org,Isaiah Day,No binario,29,Guinea,95841
richardsoncharles,paynedeborah@example.com,Maurice Beck,No binario,51,Niue,30218
luke03,abryant@example.org,Latasha Middleton,Masculino,59,Namibia,68600
willisbrett,anthonyshort@example.com,Jesse Dalton,No binario,27,Spain,16160
cynthia16,ruthvillegas@example.org,Luis Hicks,Femenino,25,Belarus,50026
burgesssuzanne,qjohnson@example.com,Kyle Arias,Femenino,28,Spain,84386
andreacarroll,bellryan@example.net,Kristina Martinez,No binario,36,Canada,26638
sonyamiller,charvey@example.net,Trevor Avery,No binario,35,Saint Lucia,79674
brooksdavid,lindseycarter@example.org,Dominique Smith,No binario,56,Turkey,78935
danielleyang,lhernandez@example.com,Jennifer Walls,Masculino,36,Svalbard & Jan Mayen Islands,93857
patricia46,uzimmerman@example.com,Greg Lee,Masculino,59,Uganda,63476
jclarke,williamsalejandro@example.com,Monica Wagner,Femenino,36,Guinea,18823
yruiz,mallory04@example.net,Jesus Bentley,No binario,49,Norway,48161
williamrose,asandoval@example.net,Julie Sanchez,No binario,45,Mauritius,27666
ycarpenter,wilsonamy@example.org,Christie Adams,Masculino,54,Mozambique,19076
john73,narroyo@example.com,Jeremiah Pollard,No binario,61,New Caledonia,62204
johnfisher,john61@example.com,Sophia Jones,Femenino,30,Panama,73314
samantha77,christinaschroeder@example.com,Steven James,Masculino,76,Zambia,15576
tcampbell,zbrown@example.org,Troy Gregory,Masculino,63,Saint Lucia,74152
carrollrebekah,watersjon@example.net,Dr. Veronica Perez MD,No binario,75,Somalia,03387
smurray,wjones@example.org,Sarah Freeman,Femenino,64,Guernsey,43643
qshaw,alexandralee@example.org,Lisa Hughes,Femenino,73,Cocos (Keeling) Islands,53033
claytonduffy,jessicakrueger@example.org,Jason Hernandez,Femenino,61,Heard Island and McDonald Islands,38017
yhudson,crawfordamy@example.net,Jessica Owens,No binario,46,Honduras,54734
welchwilliam,jesuslewis@example.com,Kevin Ross,Masculino,58,Turks and Caicos Islands,32397
gregory34,deborah77@example.com,Sherry Munoz,Masculino,40,Kiribati,27945
watsonandrea,brentmaldonado@example.net,Richard Gonzalez,Masculino,42,Chad,33949
arios,levyvalerie@example.org,Anne Hughes,Masculino,78,Italy,84897
bramos,wucindy@example.org,James Koch,Femenino,72,Vietnam,13519
robert80,gonzalezpaula@example.net,Richard Calhoun,Masculino,37,Korea,29735
rcollier,ronald91@example.com,Joshua Sawyer,Masculino,28,Uzbekistan,61159
stephanie05,smithsheryl@example.com,Derrick Ellis PhD,Masculino,60,Monaco,27856
oblack,cindybarnes@example.net,David Hoffman,Masculino,34,Falkland Islands (Malvinas),14864
coleangela,nunezerik@example.com,James Hunt,Femenino,30,Netherlands Antilles,51588
glenn05,jmelton@example.org,Stephanie Osborne,No binario,31,Belgium,97797
qsmith,savannah54@example.org,Cynthia Gibbs,Femenino,64,Saint Kitts and Nevis,87098
katelynward,patricia83@example.org,Lawrence Brewer,Femenino,79,Nicaragua,63022
kathy75,alexis32@example.com,Michael Vaughn,No binario,49,British Virgin Islands,64423
brenda76,joeljimenez@example.net,Beth Smith,No binario,52,Liberia,50197
alexisnorman,perezjessica@example.com,Billy Ochoa,Masculino,35,Ukraine,50146
hectorjones,jennifer27@example.com,Joanne Parker,No binario,34,Peru,11137
valentinepatrick,johnmarshall@example.net,Mary Moore,Masculino,59,Sao Tome and Principe,25108
farleywilliam,jacksonjulie@example.net,Ashley Molina,Femenino,35,Somalia,27751
ucastro,kimberly92@example.org,Caleb Lyons,Femenino,64,Taiwan,68990
rreyes,morsejoseph@example.org,Ashley Patterson,Femenino,64,Norway,08521
susan74,brownlori@example.com,Jonathan Navarro,Masculino,52,Jamaica,31098
christopherjohnson,ktaylor@example.net,Robert Ware,Femenino,55,Kazakhstan,09205
jonathan66,michaelnorris@example.com,Marcus Keller,Femenino,49,Central African Republic,45631
fmiller,hmartinez@example.net,Christopher Gonzalez,Femenino,48,Tuvalu,48844
ievans,beverly46@example.org,Timothy Barrera,Femenino,67,Djibouti,56762
stephanie40,ybrown@example.net,Rodney Williams,Femenino,43,Pakistan,71478
johnsonjon,christophergonzales@example.net,Susan Mendoza,Femenino,45,United Kingdom,65313
cervantescynthia,steven47@example.com,Sara Brown,Femenino,70,Bangladesh,14631
amanda04,aaron24@example.net,Thomas Blair,Masculino,23,Morocco,74437
jessicaheath,randybrown@example.org,Michael Walsh,Femenino,73,Finland,76028
xperez,donald47@example.net,Christopher Bell,No binario,20,Chile,69901
milesholly,xevans@example.com,Jason Jimenez,No binario,66,Hungary,25745
tammymartin,josephmitchell@example.com,Alyssa Guerrero,No binario,63,Bosnia and Herzegovina,18804
youngcindy,raymondsmith@example.net,Jessica Torres,Femenino,34,Seychelles,98782
gford,johnsonvincent@example.com,Michael Murphy,Femenino,31,Belize,61664
eking,amandahanson@example.com,James Howe,Femenino,56,San Marino,75254
andrew96,danielalexander@example.com,Rebecca Fleming,Femenino,34,Turkmenistan,23221
ubrown,toliver@example.com,Sharon Christian,Femenino,19,Gabon,17322
tonymanning,alexandercole@example.org,Dustin Farmer,Femenino,44,British Virgin Islands,47976
vicki25,lshaw@example.org,Robert Steele,Femenino,44,Seychelles,20453
howardstevens,diana49@example.net,Meghan Cohen,Masculino,75,Ukraine,97982
halltyler,annaclark@example.org,Michael Collins,Masculino,54,Bahrain,26395
jennifer65,swalker@example.com,Ashley Richards,No binario,51,Guinea-Bissau,28174
schmidtsarah,kpacheco@example.com,Adam Owen,No binario,27,Russian Federation,87167
danielphillips,welchkelly@example.com,Chelsea Alexander,Femenino,34,Guinea-Bissau,11563
carriewilson,teresa63@example.net,Shannon Reeves,Masculino,37,Tuvalu,76739
therman,kenneth21@example.org,Jason Holloway,Femenino,66,Armenia,05611
qgomez,julievaughan@example.com,Judith Ruiz,Femenino,68,Guam,13382
tadams,ujones@example.net,Ian Meyers,No binario,35,Turkey,44115
grussell,smithchristopher@example.org,Kirk Medina,Masculino,46,Andorra,46473
sanchezfelicia,justin33@example.com,Courtney Carr,No binario,27,Faroe Islands,44260
alanlopez,meagan64@example.com,Dr. Andrea Stone DVM,Femenino,55,Tunisia,71015
jjones,whitediane@example.com,William Martin,No binario,66,Greenland,96351
christophergarcia,ndelacruz@example.org,Paul Pratt,Masculino,37,Qatar,98170
rshaffer,carterrachel@example.com,Tracey Reynolds,Masculino,41,Micronesia,92019
nancysingleton,glee@example.com,Rachel Wright,Masculino,20,Taiwan,61851
lindseyjames,wsmith@example.org,William Hardy,No binario,24,Iran,52144
david71,dguzman@example.org,Kimberly Cortez,Femenino,54,Bangladesh,57284
brendamontes,johnstonkimberly@example.net,Keith Long,Masculino,30,Tanzania,26669
fhayes,marcus44@example.com,Andrew Fowler,No binario,27,Ghana,79343
jessemarks,sarahperez@example.com,Charlotte Rose,No binario,32,Cameroon,05667
lrivera,karlsmith@example.net,Randy Wilson,Masculino,70,Turks and Caicos Islands,09764
jhenry,hjordan@example.org,Paul Curtis,Femenino,72,Yemen,35628
karimartin,ycollins@example.com,David Kennedy,Masculino,31,Georgia,38688
amy04,sloanvanessa@example.org,Christopher Stokes,Femenino,77,Cote d'Ivoire,21006
cross,stephanienash@example.net,Holly Wood,Masculino,18,Tonga,43053
william03,richardhoffman@example.org,Tammy Mercer,No binario,50,Micronesia,89002
michaelwelch,vkennedy@example.com,Cynthia Kirby,No binario,65,Madagascar,04040
wellsjennifer,romanangel@example.com,Carla Blanchard,No binario,41,Zimbabwe,36628
jessica97,smithphyllis@example.net,Shannon Porter,Femenino,42,Antigua and Barbuda,16875
morrisrichard,alexandria40@example.net,Kimberly Buchanan,No binario,57,Russian Federation,07565
charles30,nelsonrobert@example.org,Brooke Lopez,No binario,26,Martinique,65424
emyers,brandyprice@example.net,Emily Patton,No binario,62,Peru,13490
tadkins,kelli62@example.net,Mr. Frederick Massey,Masculino,69,Chile,37520
sarahgarcia,christopherreyes@example.net,Rhonda Edwards,Femenino,38,Western Sahara,14147
nicholas63,pittscrystal@example.net,Jason Carpenter,No binario,71,Denmark,24447
grodgers,rachael98@example.org,Brittany Ramos DDS,Femenino,50,United States Minor Outlying Islands,13564
mitchellmoore,tammygomez@example.org,Elizabeth Campbell DDS,Masculino,31,Uzbekistan,09638
weberdiamond,russellrenee@example.net,Jeremiah Ross,No binario,58,Grenada,34133
qfields,matthewbowers@example.com,Kevin Rivera,Femenino,58,Bahamas,40605
marshallbryan,erica64@example.net,Deborah Allen,Masculino,33,Madagascar,95825
stonelisa,palmermarc@example.org,Michael Moore,Femenino,52,Lao People's Democratic Republic,41909
caitlin25,carol33@example.org,Bridget Santiago,Femenino,42,Georgia,44516
joseph50,kristentanner@example.com,Hannah Brown,No binario,23,Haiti,17065
leejeffrey,uarroyo@example.net,Nicole Nixon,Femenino,63,Panama,12786
elizabeth72,brandy74@example.net,Chase Thompson,Femenino,42,Senegal,83371
ryan88,wrightnancy@example.net,Joshua Elliott,Masculino,65,Lesotho,64964
tiffany66,suzannemcconnell@example.org,Andrew Edwards,Masculino,69,Switzerland,80979
patricia72,deniseparks@example.com,Craig Collins,Femenino,66,Estonia,68297
hdixon,qwhite@example.org,Alison Allen,Femenino,29,Afghanistan,48516
johnsonjessica,kristinecamacho@example.com,Amber Simpson,Masculino,19,Venezuela,60734
stewartkimberly,tyler60@example.net,Jon Wilkinson,No binario,49,Slovenia,58373
davisjennifer,kenneth42@example.net,Matthew Watson,No binario,42,Guam,21063
sharon40,jonesmatthew@example.org,Amber Hernandez,No binario,56,Ecuador,82104
edelgadoh,encarna@gmail.com,Encarna Delgado,masculino,45,España,19200